Workbook

Sheet 서식
A1: 보험구분 | B1: 성명 | C1: 주민(외국인)등록번호 | D1: 신고월 | E1: 국적코드 | F1: 체류자격코드 | G1: 전화(지역번호) | H1: 전화(국번) | I1: 전화(뒷번호) | J1: 직종코드 | K1: 1일 | L1: 2일 | M1: 3일 | N1: 4일 | O1: 5일 | P1: 6일 | Q1: 7일 | R1: 8일 | S1: 9일 | T1: 10일 | U1: 11일 | V1: 12일 | W1: 13일 | X1: 14일 | Y1: 15일 | Z1: 16일 | AA1: 17일 | AB1: 18일 | AC1: 19일 | AD1: 20일 | AE1: 21일 | AF1: 22일 | AG1: 23일 | AH1: 24일 | AI1: 25일 | AJ1: 26일 | AK1: 27일 | AL1: 28일 | AM1: 29일 | AN1: 30일 | AO1: 31일 | AP1: 근로일수 | AQ1: 일평균 근로시간 | AR1: 보수지급 기초일수 | AS1: 보수총액 (과세소득) | AT1: 임금총액 | AU1: 이직사유코드 | AV1: 보험료부과구분 부호 | AW1: 보험료부과구분 사유 | AX1: 국세청 일용근로소득 신고여부 | AY1: 지급월 | AZ1: 총지급액 (과세소득) | BA1: 비과세소득 | BB1: 소득세 | BC1: 지방소득세
A2: 3 | B2: =[1]근무일표연동!B3 -> 공영숙 | C2: =_xlfn.IFNA(VLOOKUP(B2,[1]일용주민번호!A:B,2,0),"") -> 6410042798111 | D2: =LEFT([1]근무일표연동!$B$1,4)&TEXT(LEFT([1]근무일표연동!$C$1,2),"00") -> 202505 | E2: 100 | G2: 02 | H2: 538 | I2: 6933 | J2: 615 | L2: 1 | O2: 1 | P2: 1 | Q2: 1 | R2: 1 | S2: 1 | T2: 1 | U2: 1 | V2: 1 | Y2: 1 | Z2: 1 | AA2: 1 | AB2: 1 | AC2: 1 | AD2: 1 | AG2: 1 | AH2: 1 | AI2: 1 | AJ2: 1 | AK2: 1 | AM2: 1 | AN2: 1 | AO2: 1 | AP2: =COUNTA(K2:AO2) -> 23 | AQ2: 10 | AR2: =AP2 -> 23 | AS2: 2907200 | AT2: =AS2 -> 2907200 | AU2: 3 | AX2: Y | AY2: =D2 -> 202505 | AZ2: =AS2 -> 2907200
A3: 3 | B3: =[1]근무일표연동!B4 -> 남점숙 | C3: =_xlfn.IFNA(VLOOKUP(B3,[1]일용주민번호!A:B,2,0),"") -> 6008182684328 | D3: =LEFT([1]근무일표연동!$B$1,4)&TEXT(LEFT([1]근무일표연동!$C$1,2),"00") -> 202505 | E3: 100 | G3: 02 | H3: 538 | I3: 6933 | J3: 615 | AJ3: 1 | AK3: 1 | AM3: 1 | AN3: 1 | AO3: 1 | AP3: =COUNTA(K3:AO3) -> 5 | AQ3: 10 | AR3: =AP3 -> 5 | AS3: 632000 | AT3: =AS3 -> 632000 | AU3: 3 | AX3: Y | AY3: =D3 -> 202505 | AZ3: =AS3 -> 632000
A4: 3 | B4: =[1]근무일표연동!B5 -> 조금연 | C4: =_xlfn.IFNA(VLOOKUP(B4,[1]일용주민번호!A:B,2,0),"") -> 7208132771811 | D4: =LEFT([1]근무일표연동!$B$1,4)&TEXT(LEFT([1]근무일표연동!$C$1,2),"00") -> 202505 | E4: 100 | G4: 02 | H4: 538 | I4: 6933 | J4: 615 | N4: 1 | O4: 1 | P4: 1 | Q4: 1 | R4: 1 | T4: 1 | AP4: =COUNTA(K4:AO4) -> 6 | AQ4: 10 | AR4: =AP4 -> 6 | AS4: 650200 | AT4: =AS4 -> 650200 | AU4: 3 | AX4: Y | AY4: =D4 -> 202505 | AZ4: =AS4 -> 650200
A5: 3 | B5: =[1]근무일표연동!B6 -> 윤숙정 | C5: =_xlfn.IFNA(VLOOKUP(B5,[1]일용주민번호!A:B,2,0),"") -> 7704032798615 | D5: =LEFT([1]근무일표연동!$B$1,4)&TEXT(LEFT([1]근무일표연동!$C$1,2),"00") -> 202505 | E5: 100 | G5: 02 | H5: 538 | I5: 6933 | J5: 615 | O5: 1 | P5: 1 | AP5: =COUNTA(K5:AO5) -> 2 | AQ5: 10 | AR5: =AP5 -> 2 | AS5: 252800 | AT5: =AS5 -> 252800 | AU5: 3 | AX5: Y | AY5: =D5 -> 202505 | AZ5: =AS5 -> 252800
A6: 3 | B6: =[1]근무일표연동!B7 -> 황윤석 | C6: =_xlfn.IFNA(VLOOKUP(B6,[1]일용주민번호!A:B,2,0),"") -> 9512161303319 | D6: =LEFT([1]근무일표연동!$B$1,4)&TEXT(LEFT([1]근무일표연동!$C$1,2),"00") -> 202505 | E6: 100 | G6: 02 | H6: 538 | I6: 6933 | J6: 615 | K6: 1 | M6: 1 | N6: 1 | O6: 1 | P6: 1 | Q6: 1 | U6: 1 | V6: 1 | W6: 1 | Z6: 1 | AA6: 1 | AB6: 1 | AC6: 1 | AD6: 1 | AG6: 1 | AH6: 1 | AI6: 1 | AJ6: 1 | AL6: 1 | AM6: 1 | AN6: 1 | AO6: 1 | AP6: =COUNTA(K6:AO6) -> 22 | AQ6: 10 | AR6: =AP6 -> 22 | AS6: 2748220 | AT6: =AS6 -> 2748220 | AU6: 3 | AX6: Y | AY6: =D6 -> 202505 | AZ6: =AS6 -> 2748220
A7: 3 | B7: =[1]근무일표연동!B8 -> 서미란 | C7: =_xlfn.IFNA(VLOOKUP(B7,[1]일용주민번호!A:B,2,0),"") -> 5412092684210 | D7: =LEFT([1]근무일표연동!$B$1,4)&TEXT(LEFT([1]근무일표연동!$C$1,2),"00") -> 202505 | E7: 100 | G7: 02 | H7: 538 | I7: 6933 | J7: 615 | M7: 1 | Z7: 1 | AP7: =COUNTA(K7:AO7) -> 2 | AQ7: 10 | AR7: =AP7 -> 2 | AS7: 252800 | AT7: =AS7 -> 252800 | AU7: 3 | AX7: Y | AY7: =D7 -> 202505 | AZ7: =AS7 -> 252800
A8: 3 | B8: =[1]근무일표연동!B9 -> 권종옥 | C8: =_xlfn.IFNA(VLOOKUP(B8,[1]일용주민번호!A:B,2,0),"") -> 6906162347927 | D8: =LEFT([1]근무일표연동!$B$1,4)&TEXT(LEFT([1]근무일표연동!$C$1,2),"00") -> 202505 | E8: 100 | G8: 02 | H8: 538 | I8: 6933 | J8: 615 | K8: 1 | M8: 1 | N8: 1 | O8: 1 | R8: 1 | S8: 1 | T8: 1 | U8: 1 | W8: 1 | X8: 1 | Y8: 1 | AB8: 1 | AC8: 1 | AD8: 1 | AE8: 1 | AF8: 1 | AG8: 1 | AI8: 1 | AJ8: 1 | AK8: 1 | AL8: 1 | AM8: 1 | AO8: 1 | AP8: =COUNTA(K8:AO8) -> 23 | AQ8: 10 | AR8: =AP8 -> 23 | AS8: 2907200 | AT8: =AS8 -> 2907200 | AU8: 3 | AX8: Y | AY8: =D8 -> 202505 | AZ8: =AS8 -> 2907200
A9: 3 | B9: =[1]근무일표연동!B10 -> 김광훈 | C9: =_xlfn.IFNA(VLOOKUP(B9,[1]일용주민번호!A:B,2,0),"") -> 5910101773413 | D9: =LEFT([1]근무일표연동!$B$1,4)&TEXT(LEFT([1]근무일표연동!$C$1,2),"00") -> 202505 | E9: 100 | G9: 02 | H9: 538 | I9: 6933 | J9: 615 | Q9: 1 | R9: 1 | W9: 1 | X9: 1 | AD9: 1 | AE9: 1 | AK9: 1 | AL9: 1 | AP9: =COUNTA(K9:AO9) -> 8 | AQ9: 10 | AR9: =AP9 -> 8 | AS9: 1011200 | AT9: =AS9 -> 1011200 | AU9: 3 | AX9: Y | AY9: =D9 -> 202505 | AZ9: =AS9 -> 1011200
A10: 3 | B10: =[1]근무일표연동!B11 -> 박재완 | C10: =_xlfn.IFNA(VLOOKUP(B10,[1]일용주민번호!A:B,2,0),"") -> 8911281093111 | D10: =LEFT([1]근무일표연동!$B$1,4)&TEXT(LEFT([1]근무일표연동!$C$1,2),"00") -> 202505 | E10: 100 | G10: 02 | H10: 538 | I10: 6933 | J10: 615 | K10: 1 | L10: 1 | N10: 1 | O10: 1 | P10: 1 | Q10: 1 | R10: 1 | S10: 1 | U10: 1 | V10: 1 | W10: 1 | X10: 1 | Y10: 1 | AC10: 1 | AD10: 1 | AE10: 1 | AF10: 1 | AG10: 1 | AH10: 1 | AK10: 1 | AL10: 1 | AM10: 1 | AN10: 1 | AP10: =COUNTA(K10:AO10) -> 23 | AQ10: 10 | AR10: =AP10 -> 23 | AS10: 3844550 | AT10: =AS10 -> 3844550 | AU10: 3 | AX10: Y | AY10: =D10 -> 202505 | AZ10: =AS10 -> 3844550
A11: 3 | B11: =[1]근무일표연동!B12 -> 김영희 | C11: =_xlfn.IFNA(VLOOKUP(B11,[1]일용주민번호!A:B,2,0),"") -> 7309112711016 | D11: =LEFT([1]근무일표연동!$B$1,4)&TEXT(LEFT([1]근무일표연동!$C$1,2),"00") -> 202505 | E11: 100 | G11: 02 | H11: 538 | I11: 6933 | J11: 615 | P11: 1 | Q11: 1 | T11: 1 | U11: 1 | AP11: =COUNTA(K11:AO11) -> 4 | AQ11: 10 | AR11: =AP11 -> 4 | AS11: 349160 | AT11: =AS11 -> 349160 | AU11: 3 | AX11: Y | AY11: =D11 -> 202505 | AZ11: =AS11 -> 349160
A12: 3 | B12: =[1]근무일표연동!B13 -> 우지원 | C12: =_xlfn.IFNA(VLOOKUP(B12,[1]일용주민번호!A:B,2,0),"") -> 6402122683117 | D12: =LEFT([1]근무일표연동!$B$1,4)&TEXT(LEFT([1]근무일표연동!$C$1,2),"00") -> 202505 | E12: 100 | G12: 02 | H12: 538 | I12: 6933 | J12: 615 | M12: 1 | N12: 1 | O12: 1 | P12: 1 | S12: 1 | T12: 1 | U12: 1 | V12: 1 | W12: 1 | X12: 1 | Y12: 1 | AC12: 1 | AD12: 1 | AE12: 1 | AF12: 1 | AJ12: 1 | AP12: =COUNTA(K12:AO12) -> 16 | AQ12: 10 | AR12: =AP12 -> 16 | AS12: 1625800 | AT12: =AS12 -> 1625800 | AU12: 3 | AX12: Y | AY12: =D12 -> 202505 | AZ12: =AS12 -> 1625800
A13: 3 | B13: =[1]근무일표연동!B14 -> 정옥선 | C13: =_xlfn.IFNA(VLOOKUP(B13,[1]일용주민번호!A:B,2,0),"") -> 5912052235616 | D13: =LEFT([1]근무일표연동!$B$1,4)&TEXT(LEFT([1]근무일표연동!$C$1,2),"00") -> 202505 | E13: 100 | G13: 02 | H13: 538 | I13: 6933 | J13: 615 | P13: 1 | Q13: 1 | R13: 1 | S13: 1 | V13: 1 | W13: 1 | Z13: 1 | AA13: 1 | AE13: 1 | AF13: 1 | AG13: 1 | AH13: 1 | AJ13: 1 | AK13: 1 | AL13: 1 | AM13: 1 | AP13: =COUNTA(K13:AO13) -> 16 | AQ13: 10 | AR13: =AP13 -> 16 | AS13: 2022400 | AT13: =AS13 -> 2022400 | AU13: 3 | AX13: Y | AY13: =D13 -> 202505 | AZ13: =AS13 -> 2022400
A14: 3 | B14: =[1]근무일표연동!B15 -> 박광범 | C14: =_xlfn.IFNA(VLOOKUP(B14,[1]일용주민번호!A:B,2,0),"") -> 9810181110619 | D14: =LEFT([1]근무일표연동!$B$1,4)&TEXT(LEFT([1]근무일표연동!$C$1,2),"00") -> 202505 | E14: 100 | G14: 02 | H14: 538 | I14: 6933 | J14: 615 | O14: 1 | AP14: =COUNTA(K14:AO14) -> 1 | AQ14: 10 | AR14: =AP14 -> 1 | AS14: 130000 | AT14: =AS14 -> 130000 | AU14: 3 | AX14: Y | AY14: =D14 -> 202505 | AZ14: =AS14 -> 130000
A15: 3 | B15: =[1]근무일표연동!B16 -> 권기남 | C15: =_xlfn.IFNA(VLOOKUP(B15,[1]일용주민번호!A:B,2,0),"") -> 0310153902315 | D15: =LEFT([1]근무일표연동!$B$1,4)&TEXT(LEFT([1]근무일표연동!$C$1,2),"00") -> 202505 | E15: 100 | G15: 02 | H15: 538 | I15: 6933 | J15: 615 | M15: 1 | N15: 1 | O15: 1 | AP15: =COUNTA(K15:AO15) -> 3 | AQ15: 10 | AR15: =AP15 -> 3 | AS15: 390000 | AT15: =AS15 -> 390000 | AU15: 3 | AX15: Y | AY15: =D15 -> 202505 | AZ15: =AS15 -> 390000
A16: 3 | B16: =[1]근무일표연동!B17 -> 김현정 | C16: =_xlfn.IFNA(VLOOKUP(B16,[1]일용주민번호!A:B,2,0),"") -> 7412042109732 | D16: =LEFT([1]근무일표연동!$B$1,4)&TEXT(LEFT([1]근무일표연동!$C$1,2),"00") -> 202505 | E16: 100 | G16: 02 | H16: 538 | I16: 6933 | J16: 615 | AB16: 1 | AI16: 1 | AP16: =COUNTA(K16:AO16) -> 2 | AQ16: 10 | AR16: =AP16 -> 2 | AS16: 200000 | AT16: =AS16 -> 200000 | AU16: 3 | AX16: Y | AY16: =D16 -> 202505 | AZ16: =AS16 -> 200000
A17: 3 | B17: =[1]근무일표연동!B18 -> 방준수 | C17: =_xlfn.IFNA(VLOOKUP(B17,[1]일용주민번호!A:B,2,0),"") -> 9609301157829 | D17: =LEFT([1]근무일표연동!$B$1,4)&TEXT(LEFT([1]근무일표연동!$C$1,2),"00") -> 202505 | E17: 100 | G17: 02 | H17: 538 | I17: 6933 | J17: 615 | K17: 1 | N17: 1 | O17: 1 | P17: 1 | Q17: 1 | R17: 1 | S17: 1 | T17: 1 | X17: 1 | Y17: 1 | Z17: 1 | AA17: 1 | AB17: 1 | AD17: 1 | AE17: 1 | AF17: 1 | AP17: =COUNTA(K17:AO17) -> 16 | AQ17: 10 | AR17: =AP17 -> 16 | AS17: 2006000 | AT17: =AS17 -> 2006000 | AU17: 3 | AX17: Y | AY17: =D17 -> 202505 | AZ17: =AS17 -> 2006000
A18: 3 | B18: =[1]근무일표연동!B19 -> 김현철 | C18: =_xlfn.IFNA(VLOOKUP(B18,[1]일용주민번호!A:B,2,0),"") -> 8304041849613 | D18: =LEFT([1]근무일표연동!$B$1,4)&TEXT(LEFT([1]근무일표연동!$C$1,2),"00") -> 202505 | E18: 100 | G18: 02 | H18: 538 | I18: 6933 | J18: 615 | K18: 1 | L18: 1 | N18: 1 | O18: 1 | P18: 1 | Q18: 1 | R18: 1 | S18: 1 | U18: 1 | V18: 1 | AP18: =COUNTA(K18:AO18) -> 10 | AQ18: 10 | AR18: =AP18 -> 10 | AS18: 1352000 | AT18: =AS18 -> 1352000 | AU18: 3 | AX18: Y | AY18: =D18 -> 202505 | AZ18: =AS18 -> 1352000
A19: 3 | B19: =[1]근무일표연동!B20 -> 김지은 | C19: =_xlfn.IFNA(VLOOKUP(B19,[1]일용주민번호!A:B,2,0),"") -> 7711072836010 | D19: =LEFT([1]근무일표연동!$B$1,4)&TEXT(LEFT([1]근무일표연동!$C$1,2),"00") -> 202505 | E19: 100 | G19: 02 | H19: 538 | I19: 6933 | J19: 615 | Y19: 1 | AP19: =COUNTA(K19:AO19) -> 1 | AQ19: 10 | AR19: =AP19 -> 1 | AS19: 130000 | AT19: =AS19 -> 130000 | AU19: 3 | AX19: Y | AY19: =D19 -> 202505 | AZ19: =AS19 -> 130000
A20: 3 | B20: =[1]근무일표연동!B21 -> 조윤호 | C20: =_xlfn.IFNA(VLOOKUP(B20,[1]일용주민번호!A:B,2,0),"") -> 8909241106616 | D20: =LEFT([1]근무일표연동!$B$1,4)&TEXT(LEFT([1]근무일표연동!$C$1,2),"00") -> 202505 | E20: 100 | G20: 02 | H20: 538 | I20: 6933 | J20: 615 | W20: 1 | X20: 1 | Y20: 1 | Z20: 1 | AA20: 1 | AB20: 1 | AE20: 1 | AF20: 1 | AG20: 1 | AJ20: 1 | AK20: 1 | AL20: 1 | AM20: 1 | AN20: 1 | AP20: =COUNTA(K20:AO20) -> 14 | AQ20: 10 | AR20: =AP20 -> 14 | AS20: 1960230 | AT20: =AS20 -> 1960230 | AU20: 3 | AX20: Y | AY20: =D20 -> 202505 | AZ20: =AS20 -> 1960230
A21: 3 | B21: =[1]근무일표연동!B22 -> 문명준 | C21: =_xlfn.IFNA(VLOOKUP(B21,[1]일용주민번호!A:B,2,0),"") -> 8109161845918 | D21: =LEFT([1]근무일표연동!$B$1,4)&TEXT(LEFT([1]근무일표연동!$C$1,2),"00") -> 202505 | E21: 100 | G21: 02 | H21: 538 | I21: 6933 | J21: 615 | AK21: 1 | AP21: =COUNTA(K21:AO21) -> 1 | AQ21: 10 | AR21: =AP21 -> 1 | AS21: 130000 | AT21: =AS21 -> 130000 | AU21: 3 | AX21: Y | AY21: =D21 -> 202505 | AZ21: =AS21 -> 130000
A22: 3 | B22: =[1]근무일표연동!B23 -> 진희수 | C22: =_xlfn.IFNA(VLOOKUP(B22,[1]일용주민번호!A:B,2,0),"") -> 9003312120412 | D22: =LEFT([1]근무일표연동!$B$1,4)&TEXT(LEFT([1]근무일표연동!$C$1,2),"00") -> 202505 | E22: 100 | G22: 02 | H22: 538 | I22: 6933 | J22: 615 | K22: 1 | L22: 1 | M22: 1 | O22: 1 | P22: 1 | Q22: 1 | R22: 1 | S22: 1 | W22: 1 | X22: 1 | Y22: 1 | Z22: 1 | AC22: 1 | AD22: 1 | AE22: 1 | AF22: 1 | AG22: 1 | AH22: 1 | AK22: 1 | AL22: 1 | AM22: 1 | AN22: 1 | AP22: =COUNTA(K22:AO22) -> 22 | AQ22: 10 | AR22: =AP22 -> 22 | AS22: 3198070 | AT22: =AS22 -> 3198070 | AU22: 3 | AX22: Y | AY22: =D22 -> 202505 | AZ22: =AS22 -> 3198070
A23: 3 | B23: =[1]근무일표연동!B24 -> 김귀숙 | C23: =_xlfn.IFNA(VLOOKUP(B23,[1]일용주민번호!A:B,2,0),"") -> 6511032813516 | D23: =LEFT([1]근무일표연동!$B$1,4)&TEXT(LEFT([1]근무일표연동!$C$1,2),"00") -> 202505 | E23: 100 | G23: 02 | H23: 538 | I23: 6933 | J23: 615 | W23: 1 | AP23: =COUNTA(K23:AO23) -> 1 | AQ23: 10 | AR23: =AP23 -> 1 | AS23: 130000 | AT23: =AS23 -> 130000 | AU23: 3 | AX23: Y | AY23: =D23 -> 202505 | AZ23: =AS23 -> 130000
A24: 3 | B24: =[1]근무일표연동!B25 -> 김정은 | C24: =_xlfn.IFNA(VLOOKUP(B24,[1]일용주민번호!A:B,2,0),"") -> 7505212835619 | D24: =LEFT([1]근무일표연동!$B$1,4)&TEXT(LEFT([1]근무일표연동!$C$1,2),"00") -> 202505 | E24: 100 | G24: 02 | H24: 538 | I24: 6933 | J24: 615 | AL24: 1 | AP24: =COUNTA(K24:AO24) -> 1 | AQ24: 10 | AR24: =AP24 -> 1 | AS24: 130000 | AT24: =AS24 -> 130000 | AU24: 3 | AX24: Y | AY24: =D24 -> 202505 | AZ24: =AS24 -> 130000
A25: 3 | B25: =[1]근무일표연동!B26 -> 김정임 | C25: =_xlfn.IFNA(VLOOKUP(B25,[1]일용주민번호!A:B,2,0),"") -> 7101152682725 | D25: =LEFT([1]근무일표연동!$B$1,4)&TEXT(LEFT([1]근무일표연동!$C$1,2),"00") -> 202505 | E25: 100 | G25: 02 | H25: 538 | I25: 6933 | J25: 615 | AK25: 1 | AL25: 1 | AM25: 1 | AN25: 1 | AP25: =COUNTA(K25:AO25) -> 4 | AQ25: 10 | AR25: =AP25 -> 4 | AS25: 505600 | AT25: =AS25 -> 505600 | AU25: 3 | AX25: Y | AY25: =D25 -> 202505 | AZ25: =AS25 -> 505600
A26: 3 | B26: =[1]근무일표연동!B27 -> 황혜진 | C26: =_xlfn.IFNA(VLOOKUP(B26,[1]일용주민번호!A:B,2,0),"") -> 8402272674511 | D26: =LEFT([1]근무일표연동!$B$1,4)&TEXT(LEFT([1]근무일표연동!$C$1,2),"00") -> 202505 | E26: 100 | G26: 02 | H26: 538 | I26: 6933 | J26: 615 | K26: 1 | L26: 1 | M26: 1 | P26: 1 | Q26: 1 | R26: 1 | S26: 1 | V26: 1 | W26: 1 | X26: 1 | Y26: 1 | Z26: 1 | AC26: 1 | AD26: 1 | AE26: 1 | AF26: 1 | AG26: 1 | AJ26: 1 | AK26: 1 | AL26: 1 | AM26: 1 | AN26: 1 | AO26: 1 | AP26: =COUNTA(K26:AO26) -> 23 | AQ26: 10 | AR26: =AP26 -> 23 | AS26: 2907200 | AT26: =AS26 -> 2907200 | AU26: 3 | AX26: Y | AY26: =D26 -> 202505 | AZ26: =AS26 -> 2907200
A27: 3 | B27: =[1]근무일표연동!B28 -> 김인수 | C27: =_xlfn.IFNA(VLOOKUP(B27,[1]일용주민번호!A:B,2,0),"") -> 8901201203415 | D27: =LEFT([1]근무일표연동!$B$1,4)&TEXT(LEFT([1]근무일표연동!$C$1,2),"00") -> 202505 | E27: 100 | G27: 02 | H27: 538 | I27: 6933 | J27: 615 | K27: 1 | M27: 1 | N27: 1 | O27: 1 | P27: 1 | T27: 1 | U27: 1 | AA27: 1 | AB27: 1 | AH27: 1 | AI27: 1 | AP27: =COUNTA(K27:AO27) -> 11 | AQ27: 10 | AR27: =AP27 -> 11 | AS27: 1390400 | AT27: =AS27 -> 1390400 | AU27: 3 | AX27: Y | AY27: =D27 -> 202505 | AZ27: =AS27 -> 1390400

Sheet 작성방법
A1: <작성법> 근로내용확인신고서
A3: 1 | B3: 보험구분 | C3: 고용보험, 산재보험 구분 - 1 : 산재보험 - 3 : 고용보험 - 5 : 산재,고용보험 * 보험구분이 1번인 경우(산재보험만 신고하는 경우) : 음영 표시된 항목만 작성하시기 바랍니다. * 토탈서비스 이용이 아닌 전자매체신고(CD)의 경우 산재보험만 신고 가능합니다.
A4: 2 | B4: 성명 | C4: 주민등록표(외국인등록증 또는 국내거소신고증)상의 성명를 적습니다.
A5: 3 | B5: 주민(외국인)등록번호 | C5: 13자리 숫자만 적습니다.("-" 제외)
A6: 4 | B6: 신고월 | C6: YYYYMM 형식으로 기재 (예: 2010년2월의 경우 "201002"로 기재) 근로신고 확인신고서에 신고할 해당 년월을 기재 (등록된 근로자는 모두 동일한 년월을 기재함)
A7: 5 | B7: 국적코드 | C7: 근로자의 국적코드 (국적코드표 참조)
A8: 6 | B8: 체류자격코드 | C8: 체류자격코드 시트 참조("-" 제외)
A9: 7 | B9: 전화(지역번호) | C9: 지역번호 (휴대폰의 경우 01x)
A10: 8 | B10: 전화(국번) | C10: 국번
A11: 9 | B11: 전화(뒷번호) | C11: 전화번호 뒷자리
A12: 10 | B12: 직종코드 | C12: 한국고용직업분류 중 소분류(136개) 직종현황 참고하여 기재
A13: 11 | B13: 1~31일 | C13: 근로한 날짜에 "1" 기재
A14: 12 | B14: 근로일수 | C14: 한달간 근로한 일 수
... A21: 19 | B21: 보험료 부과구분 사유 (해당자만 기재) | C21: 보험료 부과구분 부호를 참고하여 해당자만 기재
A22: 20 | B22: 국세청 일용근로소득 신고여부 | C22: 신고시 Y 기재 | D22: "지급월" 항목이 기재되지 않으면 국세청으로 전송되지 않습니다. (나머지 항목은 미기재시 0원신고로 전송됨에 유의)
A23: 21 | B23: 총지급액(과세소득) | C23: 일용근로자에게 지급한 급여액(비과세소득 제외)의 월별 합계금액을 적습니다.
A24: 22 | B24: 지급월 | C24: "지급월"은 일용근로자에게 급여를 지급한 월(12월 말일까지 미지급한 금액은 12월)을 적습니다.
A25: 23 | B25: 비과세소득 (해당자만 기재) | C25: 생산직 일용근로자에게 지급한 야간근로수당 등 비과세소득의 해당 월의 합계금액
A26: 24 | B26: 소득세 (해당자만 기재) | C26: [근로소득금액×원천징수세율(6%)]-세액공제(산출세액의 55%)를 적용하여 계산한 해당 월의 금액 이 경우 근로소득금액은 1일 급여액에서 1일 10만원을 공제한 금액의 합계
A27: 25 | B27: 지방소득세 (해당자만 기재) | C27: 소득세의 10%
A28: ※ 21 ~ 25 항목에 대한 궁금한 사항은 국세청(국번없이 126번)으로 문의하시기 바랍니다.

Sheet 작성예시
A1: 보험구분 | B1: 성명 | C1: 주민(외국인)등록번호 | D1: 신고월 | E1: 국적코드 | F1: 체류자격코드 | G1: 전화(지역번호) | H1: 전화(국번) | I1: 전화(뒷번호) | J1: 직종코드 | K1: 1일 | L1: 2일 | M1: 3일 | N1: 4일 | O1: 5일 | P1: 6일 | Q1: 7일 | R1: 8일 | S1: 9일 | T1: 10일 | U1: 11일 | V1: 12일 | W1: 13일 | X1: 14일 | Y1: 15일 | Z1: 16일 | AA1: 17일 | AB1: 18일 | AC1: 19일 | AD1: 20일 | AE1: 21일 | AF1: 22일 | AG1: 23일 | AH1: 24일 | AI1: 25일 | AJ1: 26일 | AK1: 27일 | AL1: 28일 | AM1: 29일 | AN1: 30일 | AO1: 31일 | AP1: 근로일수 | AQ1: 일평균근로시간 | AR1: 보수지급기초일수 | AS1: 보수총액 | AT1: 임금총액 | AU1: 이직사유코드 | AV1: 보험료부과구분 부호 | AW1: 보험료부과구분 사유 | AX1: 국세청 일용근로소득 신고여부 | AY1: 지급월 | AZ1: 총지급액(과세소득) | BA1: 비과세소득 | BB1: 소득세 | BC1: 지방소득세
A2: 1 | B2: 김미경 | D2: 202409 | E2: 100 | G2: 02 | H2: 538 | I2: 6933 | J2: 615 | K2: 1 | AE2: 1 | AP2: 2 | AQ2: 24 | AR2: 2 | AS2: 1000000 | AT2: 1000000 | AU2: 1 | AV2: 51 | AW2: 09 | AY2: 201002 | AZ2: 1000000
A3: 2 | B3: 신양희 | D3: 202409 | E3: 100 | G3: 02 | H3: 538 | I3: 6933 | J3: 615 | Q3: 1 | AA3: 1 | AP3: 2 | AQ3: 24 | AR3: 2 | AS3: 1000000 | AT3: 1000000 | AU3: 1 | AX3: Y | AY3: 201002 | AZ3: 1000000
A4: 3 | B4: 김미정 | D4: 202409 | E4: 100 | G4: 02 | H4: 538 | I4: 6933 | J4: 615 | N4: 1 | AB4: 1 | AF4: 1 | AP4: 3 | AQ4: 24 | AR4: 3 | AS4: 1000000 | AT4: 1000000 | AU4: 1 | AY4: 201002 | AZ4: 1000000
A5: 4 | B5: 이은석 | D5: 202409 | E5: 100 | G5: 02 | H5: 538 | I5: 6933 | J5: 615 | P5: 1 | AK5: 1 | AP5: 2 | AQ5: 24 | AR5: 2 | AS5: 1000000 | AT5: 1000000 | AU5: 1 | AY5: 201002 | AZ5: 1000000
A6: 5 | B6: 지숙희 | D6: 202409 | E6: 100 | G6: 02 | H6: 538 | I6: 6933 | J6: 615 | M6: 1 | AE6: 1 | AP6: 2 | AQ6: 24 | AR6: 2 | AS6: 1000000 | AT6: 1000000 | AU6: 1 | AV6: 57 | AW6: 14 | AY6: 201002 | AZ6: 1000000
A7: 6 | B7: 김호성 | D7: 202409 | E7: 100 | G7: 02 | H7: 538 | I7: 6933 | J7: 615 | Q7: 1 | AG7: 1 | AP7: 2 | AQ7: 24 | AR7: 2 | AS7: 1000000 | AT7: 1000000 | AU7: 1 | AY7: 201002 | AZ7: 1000000
A8: 7 | B8: 김예슬 | D8: 202409 | E8: 100 | G8: 02 | H8: 538 | I8: 6933 | J8: 615 | N8: 1 | P8: 1 | AA8: 1 | AK8: 1 | AP8: 4 | AQ8: 24 | AR8: 4 | AS8: 1000000 | AT8: 1000000 | AU8: 1 | AY8: 201002 | AZ8: 1000000
A9: 8 | B9: 남은율 | D9: 202409 | E9: 100 | G9: 02 | H9: 538 | I9: 6933 | J9: 615 | N9: 1 | Q9: 1 | AP9: 2 | AQ9: 24 | AR9: 2 | AS9: 1000000 | AT9: 1000000 | AU9: 1 | AY9: 201002 | AZ9: 1000000
A10: 9 | B10: 이순득 | D10: 202409 | E10: 100 | G10: 02 | H10: 538 | I10: 6933 | J10: 615 | AB10: 1 | AD10: 1 | AP10: 2 | AQ10: 24 | AR10: 2 | AS10: 1000000 | AT10: 1000000 | AU10: 1 | AY10: 201002 | AZ10: 1000000
A11: 10 | B11: 김해림 | D11: 202409 | E11: 100 | G11: 02 | H11: 538 | I11: 6933 | J11: 615 | M11: 1 | Q11: 1 | U11: 1 | AI11: 1 | AP11: 4 | AQ11: 24 | AR11: 4 | AS11: 1000000 | AT11: 1000000 | AU11: 1 | AV11: 56 | AW11: 01 | AY11: 201002 | AZ11: 1000000
A12: 11 | B12: 이화영 | D12: 202409 | E12: 100 | G12: 02 | H12: 538 | I12: 6933 | J12: 615
A13: 12 | B13: 김영오 | D13: 202409 | E13: 100 | G13: 02 | H13: 538 | I13: 6933 | J13: 615
A14: 13 | B14: 박광범 | D14: 202409 | E14: 100 | G14: 02 | H14: 538 | I14: 6933 | J14: 615
A15: 14 | B15: 홍영희 | D15: 202409 | E15: 100 | G15: 02 | H15: 538 | I15: 6933 | J15: 615
A16: 15 | B16: 허자야 | D16: 202409 | E16: 100 | G16: 02 | H16: 538 | I16: 6933 | J16: 615
A17: 16 | B17: 박태이 | D17: 202409 | E17: 100 | G17: 02 | H17: 538 | I17: 6933 | J17: 615
A18: 17 | B18: 김준영 | D18: 202409 | E18: 100 | G18: 02 | H18: 538 | I18: 6933 | J18: 615
A19: 18 | B19: 채수한 | D19: 202409 | E19: 100 | G19: 02 | H19: 538 | I19: 6933 | J19: 615
A20: 19 | B20: 김은경 | D20: 202409 | E20: 100 | G20: 02 | H20: 538 | I20: 6933 | J20: 615
A21: 20 | B21: 차동혁 | D21: 202409 | E21: 100 | G21: 02 | H21: 538 | I21: 6933 | J21: 615
A22: 21 | B22: 김예찬 | D22: 202409 | E22: 100 | G22: 02 | H22: 538 | I22: 6933 | J22: 615
A23: 22 | B23: 이세연 | D23: 202409 | E23: 100 | G23: 02 | H23: 538 | I23: 6933 | J23: 615
... A49: 48 | B49: 문복순 | D49: 202409 | E49: 100 | G49: 02 | H49: 538 | I49: 6933 | J49: 615

Sheet 국적, 직종, 보험료부과구분코드
A1: 국적, 직종, 보험료부과구분코드 조회
A2: 고용/산재보험 직종 : | B2: http://www.4insure.or.kr/pbiz/cmmn/selectComCdList.do?comCdClsfId=D108
A3: 고용/산재보험 보험료부과구분 : | B3: http://www.4insure.or.kr/pbiz/cmmn/selectComCdList.do?comCdClsfId=C201
A4: 국적 : | B4: http://www.4insure.or.kr/pbiz/cmmn/selectComCdList.do?comCdClsfId=A151

Sheet 체류자격
A1: 체류자격
A3: 체류자격코드 | B3: 체류자격명 | C3: 체류자격설명
A4: 0-0 | B4: 체류자격없음 | C4: 체류자격없음
A5: A-1 | B5: 외교 | C5: 외교
A6: A-2 | B6: 공무 | C6: 공무
A7: A-3-1 | B7: 미군현역 | C7: 주한미군(현역및예비역)
A8: A-3-2 | B8: 미군군속 | C8: 주한미군군속,초청계약자,가족
A9: A-3-99 | B9: 기타협정 | C9: 기타협정
A10: B-1 | B10: 사증면제 | C10: 사증면제
A11: B-2-1 | B11: 일반무사증 | C11: 일반무사증입국
A12: B-2-2 | B12: 제주무사증 | C12: 제주무사증입국
A13: C-1 | B13: 일시취재 | C13: 일시취재
A14: C-2-1 | B14: 단기상용 | C14: 단기상용
... A232: T-1-1 | B232: 관광상륙 | C232: 선박도착관광상륙허가자

Sheet Sheet1
A2: 보험구분
A3: 코드 | B3: 내용
A4: 1 | B4: 산재보험
A5: 3 | B5: 고용보험
A6: 5 | B6: 산재 및 고용보험
A8: 이직사유
A9: 코드 | B9: 내용
A10: 1 | B10: 회사의 사정에 의한 이직 - 폐업, 공사중단, 공사종료, 계약기간 만료 등
A11: 2 | B11: 부득이한 개인 사정에 의한 이직 - 질병, 부상, 출산 등
A12: 3 | B12: 기타 개인사정에 의한 이직 - 전직, 자영업을 위한 이직 등
